{"cameraMode":{"drawMode":0,"name":"Shaded","section":"Shading Mode"},"sceneLighting":true,"audioPlay":false,"sceneViewState":{"m_AlwaysRefresh":false,"showFog":true,"showSkybox":true,"showFlares":true,"showImageEffects":true,"showParticleSystems":true,"showVisualEffectGraphs":true,"m_FxEnabled":true},"in2DMode":false,"pivot":{"x":-11.854767799377442,"y":4.433162689208984,"z":3.7132296562194826},"rotation":{"x":-0.18273761868476869,"y":-0.6058268547058106,"z":0.14556574821472169,"w":-0.7605172991752625},"size":1.2247449159622193,"orthographic":false}